"question_id","question","answer1","answer2","answer3","answer4","correct_answer","topic_id","active","elo_rating","created_at"
"1","hi","d","d","dd","d","2","1","true","862","2025-05-04 12:35:10.526983"
"2","Koja je glavni grad Francuske?","Berlin","Pariz","Rim","Amsterdam","2","2","true","779","2025-05-05 18:17:57.21693"
"3","Koji je najduži planinski lanac u Europi?","Alpe","Karpati","Pirineji","Kavkaz","1","2","true","792","2025-05-05 18:18:00.529959"
"4","Koja je država u Europi koja ima najviše stanovnika?","Njemačka","Rusija","Francuska","Italija","2","2","true","814","2025-05-05 18:18:03.18595"
"5","Koji je najveći otok u Mediteranu?","Sicilija","Sardinija","Kreta","Korzika","1","2","true","829","2025-05-05 18:18:05.465767"
"6","Koji je grad u Europi koji se naziva ""Grad na vodi""?","Amsterdam","Venecija ","Pariz","Rim","2","2","true","781","2025-05-05 18:18:21.362099"
"7","Koja je država u Europi koja ima najdužu obalu na Mediteranu?","Italija","Grčka","Španjolska","Francuska","1","2","true","807","2025-05-05 18:18:43.381766"
"8","Koji je najviši vrh u Alpama?","Mont Blanc","Matterhorn","Eiger","Jungfrau","1","2","true","780","2025-05-05 18:18:45.472104"
"9","Koji je najveći rijeka u Europi?","Dunav","Rajna","Volga","Loire","3","2","true","789","2025-05-05 18:18:47.2997"
"10","Koja je država u Europi koja ima najviše jezera?","Finska","Švedska","Norveška","Danska","1","2","true","774","2025-05-05 18:18:52.116809"
"11","Koji je najveći poluotok u Europi?","Apenninski","Iberski","Balkanski","Skandinavski","2","2","true","836","2025-05-05 18:19:00.137364"
"12","Koji je najširi vodeni tok koji dijeli Europu od Afrike?","Sredozemno more","Crno more","Baltičko more","Gibraltarski tjesnac","4","2","true","863","2025-05-05 18:19:13.158022"
"13","Koji je najveći grad u Skandinaviji?","Stockholm","Oslo","Kopenhagen","Helsinki","1","2","true","813","2025-05-05 18:19:16.474681"
"14","Koji je najveći grad u Europi?","Berlin","London","Paris","Istanbul","4","2","true","780","2025-05-05 18:19:32.730935"
"15","Koji je poluotok u Europi gdje se nalaze zemlje kao što su Španjolska i Portugal?","Apeninski","Balkanski","Iberski","Skandinavski","3","2","true","792","2025-05-05 18:19:37.195653"
"16","Koji je europski planinski lanac koji se nalazi u Švicarskoj?","Alpe","Karpati","Pireneji","Apennini","1","2","true","815","2025-05-05 18:19:51.458808"
"17","Koji je europski grad koji se naziva ""Mletačka republika""?","Rim","Venecija","Firenca","Milano","2","2","true","781","2025-05-05 18:19:56.548396"
"18","Koji je najveći zaljev u Europi?","Baskijski zaljev","Crno more","Mediteran","Sredozemno more","1","2","true","781","2025-05-05 18:20:22.4527"
"19","Koja je država u Europi koja ima najviše autonomnih pokrajina?","Francuska","Španjolska","Italija","Njemačka","2","2","true","786","2025-05-05 18:20:28.716962"
"20","Koji je europski grad koji se naziva ""Grad sjevernog sjaja""?","Stockholm","Helsinki","Oslo","Kopenhagen","1","2","true","785","2025-05-05 18:20:34.944955"
"21","Koji je najveći otok u Baltičkom moru?","Gotland","Öland","Rügen","Sjælland","1","2","true","788","2025-05-05 18:20:43.198503"
"22","Koja je europska zemlja koja ima najviše različitih jezika?","Francuska","Španjolska","Italija","Švicarska","4","2","true","784","2025-05-05 18:20:47.372756"
"23","Koja je država u Europi koja ima najviše otočja?","Grčka","Italija","Španjolska","Danska","1","2","true","784","2025-05-05 18:21:02.912268"
"24","Koja je planina u Europi koja se nalazi na granici Francuske i Španjolske?","Alpe","Pireneji","Karpati","Apennini","2","2","true","786","2025-05-05 18:21:17.288209"
"25","Koji je europski grad koji je glavni grad Danske?","Oslo","Stockholm","Kopenhagen","Helsinki","3","2","true","785","2025-05-05 18:21:18.755462"
"26","Koja je europska zemlja koja ima najdužu granicu s Rusijom?","BiH","Srbija","Ukrajina","Norveška","3","2","true","799","2025-05-05 18:21:23.080192"
"27","Koji je najveći kontinent na Zemlji?","Afrika","Azija","Europa","Amerika","2","3","true","784","2025-05-07 11:57:58.041134"
"28","Koliko ima oceana na Zemlji?","3","4","5","6","3","3","true","787","2025-05-07 11:58:20.859802"
"29","Koji planet je najbliži Zemlji u sunčevom sustavu?","Mars","Venera","Jupiter","Merkur","4","3","true","835","2025-05-07 11:58:24.710634"
"30","Koji je najveći oceanskii bazen na Zemlji?","Tihi ocean","Atlantski ocean","Indijski ocean","Arktički ocean","1","3","true","784","2025-05-07 11:58:27.586134"
"31","Koji je kontinent koji se nalazi oko Južnog pola?","Afrika","Antarktika","Amerika","Azija","2","3","true","799","2025-05-07 11:58:31.153018"
"32","Koji je zemlja planet po redu udaljen od Sunca","1","2","3","4","3","3","true","829","2025-05-07 11:59:39.030939"
"33","Koliko ima planeta u Sunčevom sustavu?","2","5","7","8","3","3","true","784","2025-05-07 12:00:11.34673"
"34","Koji je najudaljeniji planet sunčevog sustava?","Jupiter","Uran","Neptun","Saturn ","3","3","true","784","2025-05-07 12:00:45.562476"
"35","Koji je najmanji kontinent na Zemlji?","Afrika","Antarktika","Australija","Europa","3","3","true","785","2025-05-07 12:00:54.14607"
"36","Koji dio Zemlje čini oko 71% površine?","Kontinenti","Oceani","Pustinje","Planine","2","3","true","786","2025-05-07 12:00:57.976989"
"37","Koji je planet u Sunčevom sustavu koji ima najviše vode?","Zemlja","Mars","Jupiter","Saturn","1","3","true","781","2025-05-07 12:01:00.118928"
"38","Koliko postoji vrsta zemljina magnetskog pola?","1","2","3","4","2","3","true","822","2025-05-07 12:01:02.98988"
"39","Koji je najveći gorski lanac na Zemlji?","Himalaja","Alpe","Karpati","Ande","1","3","true","790","2025-05-07 12:01:08.460025"
"40","Koji je naj topliji planet u Sunčevom sustavu?","Zemlja","Mars","Venera","Jupiter","3","3","true","784","2025-05-07 12:01:41.399629"
"41","Koji kontinent se nalazi između Atlantskog i Tiheg oceana?","Afrika","Azija","Europa","Amerika","3","3","true","786","2025-05-07 12:01:44.849811"
"42","Koliko postoji vrsta zemljine atmosfere?","3","4","5","2","3","3","true","816","2025-05-07 12:01:48.529494"
"43","Koji dio Zemlje čini oko 29% površine?","Kontinenti","Oceani","Polarni krajevi","Planine","1","3","true","786","2025-05-07 12:01:49.959676"
"44","Koji planet u Sunčevom sustavu ima najmanje mjeseca?","Zemlja","Mars","Venera","Merkur","4","3","true","851","2025-05-07 12:01:53.447191"
"45","Koje je glavno mjesto Španjolske?","Barcelona","Madrid","Valencia","Sevilla","2","4","true","768","2025-05-09 13:11:50.784409"
"46","Koji je glavni grad Njemačke?","Berlin","München","Hamburg","Frankfurt","1","4","true","789","2025-05-09 13:11:52.338971"
"47","Koje je glavno mjesto Italije?","Rim","Milano","Venecija","Torino","1","4","true","788","2025-05-09 13:11:56.286793"
"48","Glavni grad Francuske je?","Pariz","Lyon","Marseille","Bordeaux","1","4","true","788","2025-05-09 13:11:56.75582"
"49","Koje je glavno mjesto Grčke?","Atena","Solun","Pirej","Heraklion","1","4","true","785","2025-05-09 13:11:58.225226"
"50","Koji je glavni grad Danske?","Oslo","Stockholm","Kopenhagen","Helsinki","3","4","true","825","2025-05-09 13:12:12.910979"
"51","Koji je glavni grad Austrije?","Beč","München","Prag","Budimpešta","1","4","true","769","2025-05-09 13:12:13.588191"
"52","Koji je glavni grad Švicarske?","Bern","Ženeva","Zürich","Basel","1","4","true","769","2025-05-09 13:12:14.237237"
"53","Koji je glavni grad Poljske?","Varšava","Krakov","Gdanjsk","Poznan","1","4","true","786","2025-05-09 13:12:14.871385"
"54","Koji je glavni grad Portugala?","Lisabon","Porto","Madrid","Barcelona","1","4","true","787","2025-05-09 13:12:15.561334"
"55","Koji je glavni grad Belgije?","Amsterdam","Bruxelles","Berlin","Pariz","2","4","true","800","2025-05-09 16:21:29.855171"
"56","Koji je glavni grad Irske?","Dublin","Belfast","London","Edinburgh","1","4","true","800","2025-05-09 16:21:30.975453"
"57","Koji je glavni grad Švedske?","Oslo","Stockholm","Helsinki","Kopenhagen","2","4","true","800","2025-05-09 16:21:31.932727"
"58","Koji je glavni grad Češke?","Prag","Budimpešta","Varšava","Beč","1","4","true","800","2025-05-09 16:21:32.927909"
"59","Koji je glavni grad Slovenije?","Ljubljana","Zagreb","Beograd","Sarajevo","1","4","true","787","2025-05-09 16:21:34.008529"
"60","Koji je sisavac?","ptica","riba","mačak","zmija","3","5","true","784","2025-05-09 16:57:11.247604"
"61","Kojim se sisavcem hrani biljem?","mačkom","mišem","kornjačom","zečevom","4","5","true","785","2025-05-09 16:57:35.831926"
"62","Koji ove životinje spada u skupinu sisavaca?","ptica","gmaz","riba","miš","4","5","true","785","2025-05-09 16:57:47.032358"
"63","Sisavac","Dabar","Gh","Gg","Jj","1","5","true","786","2025-05-09 16:58:00.985835"
"64","Koji od ponudenih životinja nije sisavac?","pas","zmija","medvjed","ptica","4","5","true","815","2025-05-09 16:58:31.15328"
"65","Koji je glavni grad Mađarske?","Beč","Budimpešta","Prag","Zagreb","2","4","true","800","2025-05-09 18:47:34.747197"
"66","Koji je glavni grad Rumunjske?","Bukurešt","Sofija","Beograd","Istanbul","1","4","true","800","2025-05-09 18:47:35.989459"
"67","Koji je glavni grad Norveške?","Oslo","Stockholm","Kopenhagen","Helsinki","1","4","true","800","2025-05-09 18:47:37.875985"
"68","Koji je glavni grad Luksemburga?","Luxemburg","Bruxelles","Amsterdam","Bern","1","4","true","800","2025-05-09 18:47:39.446945"
"69","Koji je glavni grad Hrvatske?","Zagreb","Split","Dubrovnik","Rijeka","1","4","true","800","2025-05-09 18:47:42.197922"
"70","Što se događa s ledom kada se zagrijava?","Postaje čvršći","Ostaje isti","Topi se","Nestaje","3","6","true","786","2025-05-13 13:52:23.47913"
"71","Koji dio biljke služi za upijanje vode i hranjiva iz zemlje?","korijen","stabljika","list","cvijet","1","6","true","789","2025-05-13 13:52:46.081929"
"73","Koji dio biljke služi za izradu hrane iz sunčeve svjetlosti?","Korijen","Stabljika","List","Cvijet","3","6","true","800","2025-05-13 13:54:42.059277"
"74","Što se događa s vodom kada se ohladi ispod 0°C?","Postaje plinovita","Postaje tekuća","Postaje čvrsta","Postaje prozirnija","3","6","true","791","2025-05-13 13:54:49.173233"
"75","Koji organ u ljudskom tijelu služi za disanje?","Srce","Pluća","Jetra","Mozak","2","6","true","792","2025-05-13 13:54:51.766438"
"76","Koji dio biljke služi za razmnožavanje?","Korijen","Stabljika","Cvijet","List","3","6","true","789","2025-05-13 13:55:12.604289"
"77","Koji organ u ljudskom tijelu služi za hranjenje?","Srce","Jetra","Želudac","Pluća","3","6","true","792","2025-05-13 13:55:20.251573"
"78","Koji dio biljke služi za upijanje sunčeve svjetlosti?","Korijen","Stabljika","List","Cvijet","3","6","true","785","2025-05-13 13:55:25.67315"
"79","Koji organ u ljudskom tijelu služi za vid?","srce","pluća","oči","jetra","3","6","true","788","2025-05-13 13:56:23.561091"
"80","Koji organ u ljudskom tijelu služi za čulo sluha?","oči","uši","nos","jetra","2","6","true","800","2025-05-13 13:56:27.307175"
"81","Koji organ u ljudskom tijelu služi za razlaganje hrane?","pluća","jetra","želudac","srce","3","6","true","800","2025-05-13 13:56:29.745748"
"82","Koji organ u ljudskom tijelu služi za čulo mirisa?","oči","uši","nos","jetra","3","6","true","791","2025-05-13 13:56:31.979739"
"83","Koji organ u ljudskom tijelu služi za čistoću krvi?","pluća","jetra","bubreg","srce","3","6","true","800","2025-05-13 13:56:35.165052"
"84","Koji organ u ljudskom tijelu služi za čulo ukusa?","oči","uši","jezik","nos","3","6","true","787","2025-05-13 13:56:48.15625"
"85","Koji je jedan od načina da se zaštiti okoliš?","bacanje smeća na ulicu","razvrstavanje otpada","onesposobljavanje životinja","gradnja velikih zgrada","2","6","true","788","2025-05-13 13:59:49.292897"
"86","Što je važno za očuvanje zdravlja čovjeka?","puno sjediti","spavati 16 sati dnevno","pravilna prehrana","kupati se 3 puta dnevno","3","6","true","785","2025-05-13 14:01:42.869661"
"87","Koji postupak pridonosi održivosti okoliša?","Bacati otpad na ulicu","koristiti mnogo vode","reciklirati papir","koristiti mnogo energije","3","6","true","800","2025-05-13 14:01:49.855895"
"88","Što je važno za zaštitu prirode?","uništavati šumu","bacati otpad u prirodu","štititi životinje","koristiti mnogo kemikalija","3","6","true","790","2025-05-13 14:02:09.336265"
"89","Koji se alat/uređaj koristi za određivanje smjera na Zemlji?","Termometar","Kompas","Sat","Radio","2","6","true","792","2025-05-13 14:04:33.428497"
"90","Koji je najveći ocean na Zemlji?","Atlantski","Tihi","Indijski","Sjeverni ledeni","2","6","true","800","2025-05-13 14:05:50.405198"
"91","Koji dio svijeta se nalazi između Sjeverne i Južne Amerike?","Europa","Afrika","Srednja Amerika","Azija","3","6","true","790","2025-05-13 14:06:01.107463"
"92","Koji kontinent se nalazi oko Sjevernog pola?","Afrika","Azija","Europa","Arktika","4","6","true","791","2025-05-13 14:06:16.691603"
"93","Koji se smjer nalazi lijevo od sjevera na kompasu?","Istok","Jug","Zapad","Sjever","3","6","true","800","2025-05-13 14:08:08.627151"
"94","Koji se smjer nalazi desno od sjevera na kompasu?","Istok","Zapad","Jug","Sjever","1","6","true","800","2025-05-13 14:08:26.217792"
"95","Koji se smjer nalazi iza nas kada stojimo licem prema sjeveru?","istok","zapad","jug","sjever","3","6","true","800","2025-05-13 14:08:36.570944"
"96","Koji se smjer nalazi desno od nas kada stojimo licem prema sjeveru?","istok","zapad","jug","sjever","1","6","true","800","2025-05-13 14:08:43.444697"
"97","Koji se smjer nalazi lijevo od nas kada stojimo licem prema sjeveru?","istok","zapad","jug","sjever","2","6","true","800","2025-05-13 14:08:46.748734"
"98","Koji se smjer nalazi nasuprotno od sjevera na kompasu?","istok","zapad","jug","sjever","3","6","true","800","2025-05-13 14:08:49.291006"
"99","Koji se smjer nalazi na vrhu kompasa?","istok","zapad","jug","sjever","4","6","true","792","2025-05-13 14:08:51.539108"
"100","Koji uređaj koristi energiju Sunca za grijanje vode?","vjetroelektrana","hidroelektrana","sunčani kolektor","more-val","3","6","true","800","2025-05-13 14:10:48.611197"
"101","Koji se uređaj koristi za pretvaranje energije Sunca u električnu energiju?","generator","motor","solarne ploče","turbina","3","6","true","800","2025-05-13 14:11:24.69553"
"102","Koji izvor energije se koristi za pogon vjetroturbina?","voda","sunčeva svjetlost","vjetar","zemna toplina","3","6","true","800","2025-05-13 14:11:27.109791"
"103","Koji se proces događa na Zemlji tijekom proljeća?","Listovi padaju s biljaka","Dan postaje kraći","Snijeg se topi","Noć postaje dulja","3","6","true","800","2025-05-13 14:13:10.070144"
"104","Što se događa s biljkama tijekom ljeta?","Gube ličike","Rastu i razvijaju se","Gube listove","Umiru","2","6","true","800","2025-05-13 14:13:14.3047"
"105","Koji se događaj događa tijekom jeseni?","Dani postaju dulji","Noć postaje kraće","Listovi mijenjaju boju","Snijeg se topi","3","6","true","800","2025-05-13 14:13:38.814052"
"106","Koji se proces događa tijekom zime?","Biljke rastu","Dani postaju kraći","Snijeg se topi","Listovi mijenjaju boji","2","6","true","800","2025-05-13 14:13:50.272156"
"107","Koji je glavni izvor energije za sve žive organizme na Zemlji?","Sunce","Voda","Zemlja","Zrak","1","6","true","784","2025-05-13 14:22:32.98328"
"108","Što se događa s biljkama kada nemaju dovoljno vode?","Rastu","Cvjetaju","Opadaju","Umiru","4","6","true","800","2025-05-13 14:22:50.369305"
"109","Koji dio Zemlje je najviše nastanjen?","Voda","Kopno","Zrak","Sunce","2","6","true","800","2025-05-13 14:24:11.840525"
"110","Vanjski sloj koji štiti naše tijelo","srce","koža","bubrezi","pluća","2","6","true","800","2025-05-13 14:27:05.007867"
"111","Pumpa krv kroz tijelo","jetra","crijeva","srce","koža","3","6","true","800","2025-05-13 14:27:26.486478"
"112","Stvara osjećaje i upravlja pokretima","srce","pluća","ruke","mozak","4","6","true","800","2025-05-13 14:28:04.468006"
"113","Životinje koje jedu samo hranu biljnog podrijetla nazivaju se","svežderi","mesožderi","biljožderi","glodavci","3","6","true","800","2025-05-13 14:30:39.702284"
"114","Životinje koje jedu samo hranu životinjskog podrijetla nazivaju se","mesožderi","biljožderi","svežderi","predatori","1","6","true","800","2025-05-13 14:31:20.31687"
"115","Životinje koje jedu hranu i biljnog i životinjskog podrijetla","svežderi","mesožderi","biljožderi","paraziti","1","6","true","800","2025-05-13 14:31:59.366674"
"116","Koja od ovih životinja nije domaća životinja","pas","mačka","kokoš","lav","4","6","true","800","2025-05-13 14:32:43.386732"
"117","Koja od ovih životinja ne pliva?","kornjača","žaba","patka","leptir","4","6","true","800","2025-05-13 14:33:28.480578"
"118","Koja od ovih ptica nije domaća životinja","puran","patka","orao","kokoš","3","6","true","800","2025-05-13 14:34:09.490585"
"119","Kada se sunce nalazi na istoku?","ujutro","u podne","posljepodne","navečer","1","6","true","800","2025-05-13 14:35:01.478792"
"120","Nasuprot sjeverozapadu je:","jugoistok","jugozapad","sjeveristok","sjeverojug","1","6","true","800","2025-05-13 14:35:39.482268"
"121","Izbaci uljeza","sjeveroistok","jugoistok","jugosjever","sjeverozapad","3","6","true","800","2025-05-13 14:36:08.059391"
"122","Kako se zove planina pored Zagreba?","Velebit","Papuk","Pakrac","Medvednica","4","6","true","800","2025-05-13 14:37:24.560567"
"123","Koje stoljeću pripada godina 1367.","14.st","15.st","13.st","12.st","1","6","true","800","2025-05-13 14:37:58.849524"
"124","Kojem stoljeću pripada godina 2017.?","22. st","20.st","21. st","17. st","3","6","true","800","2025-05-13 14:38:33.47203"
"125","Kojem tisućljeću pripada godina 2019.?","2 tisućljeću","3 tisućljeću","19 tisućljeću","21 tisućljeću","2","6","true","800","2025-05-13 14:39:26.537416"
"126","Kojem stoljeću pripada godina 1673.?","2 st.","17 st.","16 st.","12 st.","2","6","true","800","2025-05-13 15:33:23.291941"
"128","Zagrijavanjem voda iz tekućeg stanja prelazi u","vodu","led","vodenu paru","tekućinu","3","6","true","800","2025-05-13 15:34:34.177094"
"129","Kako se naziva skupina životinja koja dio svog života živi u vodi, a dio na kopnu?","vodozemci","gmazovi","ribe","sisavci","1","6","true","800","2025-05-13 15:35:40.547458"
"130","Što od navedenog spada u vode tekućice","jezero","rijeka","bara","more","2","6","true","800","2025-05-13 15:36:25.371713"
"131","Što od navedenog spada u vode tekućice","potok","ocean","bara","jezero","1","6","true","800","2025-05-13 15:36:48.987772"
"132","Što se događa s vodom kada se zagrijava iznad 100°C?","Smrzava se","Zagrijava se","Isparava","Ostaje ista","3","6","true","800","2025-05-13 15:39:13.688859"
"133","Koji je najmanji kontinent na Zemlji?","Afrika","Australija","Europa","Azija","2","6","true","800","2025-05-13 15:39:17.848159"
"134","Koji dio Zemlje je najmanje nastanjen?","Afrika","Antarktika","Europa","Azija","2","6","true","800","2025-05-13 15:39:22.143971"
"135","Koji dio Zemlje je najtopliji?","Polarna područja","Pustinje","Šume","Planine","2","6","true","800","2025-05-13 15:39:49.150525"
"136","Kako se zove rijeka koja teče kroz Zagreb?","Sava","Dunav","Drava","Kupa","1","6","true","800","2025-05-13 15:41:28.936188"
"137","Kojem stoljeću pripada godina 1850.?","18.","19.","20.","21.","2","6","true","800","2025-05-13 15:41:31.99701"
"138","Kojem tisućljeću pripada godina 2050.?","1.","2.","3.","21.","3","6","true","800","2025-05-13 15:41:40.728004"
"139","Kojem stoljeću pripada godina 1567.?","15. stoljeće","16. stoljeće","17. stoljeće","18. stoljeće","2","6","true","800","2025-05-13 15:42:04.149602"
"140","Koji je najviši vrh Medvednice?","Sljeme","Medvedgrad","Zagrebčica","Ivančica","1","6","true","800","2025-05-13 15:43:15.82988"
"141","Koji je naziv glavnog trga u Zagrebu?","Trg kralja Tomislava","Trg bana Josipa Jelačića ","Trg pape Ivana XXIII.","Trg Republike Hrvatske","2","6","true","800","2025-05-13 15:43:40.235085"
"142","Koji je najstariji dio Zagreba?","Gornji grad","Donji grad","Trnje","Šalata","1","6","true","800","2025-05-13 15:43:48.709728"
"143","Koliko je 456 + 278?","634","734","654","684","2","7","true","800","2025-05-14 16:15:02.853262"
"144","Koliko je 945 - 179?","766","756","786","816","1","7","true","784","2025-05-14 16:15:09.103953"
"145","Koliko je 5 × 9?","40","45","50","55","2","7","true","783","2025-05-14 16:15:10.390388"
"146","Koliko je 48 ÷ 6?","7","8","9","10","2","7","true","800","2025-05-14 16:15:16.049322"
"147","Koliko je A ako je 2 * A = 14?","5","6","7","8","3","7","true","800","2025-05-14 16:15:32.67296"
"148","Koliko je 567 - 219?","338","348","358","368","2","7","true","783","2025-05-14 16:16:25.262131"
"149","Koliko je 4 × 27?","100","108","112","116","2","7","true","800","2025-05-14 16:16:29.684213"
"150","Koliko je 90 ÷ 5?","15","16","17","18","4","7","true","834","2025-05-14 16:16:37.903934"
"151","Ako je 3 * A = 24, koliko je A?","6","7","8","9","1","7","true","782","2025-05-14 16:16:41.54781"
"152","Koliko je 945 + 75?","1010","1020","1030","1040","2","7","true","810","2025-05-14 16:16:54.119531"
"153","Koliko je 753 + 249?","992","1022","1002","1012","3","7","true","800","2025-05-14 16:17:06.646123"
"154","Koliko je 432 - 175?","257","267","277","287","1","7","true","800","2025-05-14 16:17:14.017575"
"155","Koliko je 9 × 8?","64","66","72","70","3","7","true","834","2025-05-14 16:17:26.479294"
"156","Ako je 2 * B = 18, koliko je B?","7","8","9","10","3","7","true","800","2025-05-14 16:17:32.845506"
"157","Koliko je 756 ÷ 7?","102","105","108","111","3","7","true","800","2025-05-14 16:17:41.626383"
"158","Koliko je 247 + 153?","390","400","375","350","2","7","true","800","2025-05-14 16:18:00.65156"
"159","Koliko je 563 - 219?","344","354","364","374","1","7","true","800","2025-05-14 16:18:07.507387"
"160","Koliko je 3 * 24?","60","70","72","80","3","7","true","800","2025-05-14 16:18:11.714297"
"161","Koliko je 96 ÷ 8?","10","12","11","9","2","7","true","800","2025-05-14 16:18:15.258358"
"162","Ako je 5 * A = 35, koliko je A?","5","6","7","8","3","7","true","800","2025-05-14 16:18:22.482725"
"163","Koliko je 234 + 187?","411","421","401","391","2","7","true","800","2025-05-14 16:19:04.41179"
"164","Koliko je 567 - 239?","318","328","338","348","2","7","true","800","2025-05-14 16:19:11.206965"
"165","Ako je 3 × B = 27, koliko je B?","7","8","9","10","3","7","true","800","2025-05-14 16:19:17.178651"
"166","Koliko je 4 × 23?","92","90","88","86","1","7","true","800","2025-05-14 16:19:42.773454"
"167","Koliko je 945 - 497?","438","448","458","468","2","7","true","800","2025-05-14 16:19:49.339098"
"168","Ako je 2 × A = 20, koliko je A?","8","9","10","11","3","7","true","800","2025-05-14 16:19:53.426225"
"169","Koliko je 189 + 279?","468","458","478","488","1","7","true","800","2025-05-14 16:20:00.140328"
"170","Koliko je 9 × 9?","81","82","83","84","1","7","true","800","2025-05-14 16:20:03.973044"
"171","Ako je A - 179 = 247, koliko je A?","426","436","446","456","1","7","true","800","2025-05-14 16:20:14.250359"
"172","Koliko je 563 + 137?","700","690","680","670","1","7","true","800","2025-05-14 16:20:19.140967"
"173","Koliko je 654 + 279?","923","933","937","941","2","7","true","800","2025-05-14 16:21:46.110241"
"174","Koliko je 849 - 357?","492","492","502","512","1","7","true","800","2025-05-14 16:21:52.142347"
"175","Koliko je 7 × 6?","40","42","45","48","2","7","true","800","2025-05-14 16:21:57.445524"
"176","Koliko je A ako je 3 * A = 21?","5","6","7","8","3","7","true","800","2025-05-14 16:21:59.493469"
"177","Koliko je 945 + 129?","1064","1074","1084","1094","2","7","true","800","2025-05-14 16:22:13.014574"
"178","Koliko je 753 - 297?","456","466","476","486","1","7","true","800","2025-05-14 16:22:19.173627"
"179","Koliko je 9 × 3?","24","26","27","30","3","7","true","800","2025-05-14 16:22:21.185201"
"180","Ako je 2 * B = 16, koliko je B?","6","7","8","9","3","7","true","800","2025-05-14 16:22:23.232386"
"181","Koliko je 567 - 189?","378","388","398","408","1","7","true","800","2025-05-14 16:22:30.268627"
"182","Koliko je 4 × 25?","90","95","100","105","3","7","true","800","2025-05-14 16:22:32.374568"
"183","Koliko je 357 + 249?","594","606","609","616","2","7","true","800","2025-05-14 16:22:59.531565"
"184","Koliko je 5 × 17?","75","85","90","95","2","7","true","800","2025-05-14 16:23:12.723516"
"185","Ako je 2 * A = 22, koliko je A?","10","11","12","13","2","7","true","800","2025-05-14 16:23:14.541535"
"186","Koliko je 654 - 297?","347","357","367","377","2","7","true","800","2025-05-14 16:23:32.091743"
"187","Koliko je 9 × 6?","48","54","63","72","2","7","true","784","2025-05-14 16:23:34.863402"
"188","Ako je A - 147 = 279, koliko je A?","416","426","436","446","2","7","true","800","2025-05-14 16:23:41.88846"
"189","Koliko je 432 ÷ 4?","104","108","112","116","2","7","true","800","2025-05-14 16:23:48.963088"
"190","Koliko je 189 + 117?","295","306","315","325","2","7","true","800","2025-05-14 16:24:04.445603"
"191","Ako je 3 * A = 33, koliko je A?","10","11","12","13","2","7","true","784","2025-05-14 16:24:07.538806"
"192","Koliko je 756 - 459?","287","297","307","317","2","7","true","800","2025-05-14 16:24:14.809588"
"193","Koliko je 7 × 5?","30","35","40","45","2","7","true","800","2025-05-14 16:24:32.073237"
"194","Ako je 2 * A = 16, koliko je A?","6","7","8","9","3","7","true","800","2025-05-14 16:24:39.617771"
"195","Koliko je 945 - 357?","588","578","568","558","1","7","true","800","2025-05-14 16:24:48.03649"
"196","Ako je A + 147 = 279, koliko je A?","132","142","152","162","1","7","true","800","2025-05-14 16:24:54.569111"
"197","Koliko je 456 + 198?","651","664","654","684","3","7","true","800","2025-05-14 16:25:07.578539"
"198","Ako je 3 * B = 39, koliko je B?","11","12","13","14","3","7","true","800","2025-05-14 16:25:13.561339"
"199","Koliko je 567 - 219?","348","358","368","378","1","7","true","800","2025-05-14 16:25:19.942404"
"200","Ako je 2 × A = 24, koliko je A?","10","11","12","13","3","7","true","800","2025-05-14 16:25:22.047724"
"201","Koliko je 9 × 4?","36","37","38","39","1","7","true","800","2025-05-14 16:25:25.960952"
"202","Ako je A - 179 = 247, koliko je A?","466","436","446","426","4","7","true","800","2025-05-14 16:25:39.025966"
"203","Koliko je 4 × 9?","32","36","40","45","2","7","true","800","2025-05-14 16:28:15.951585"
"204","Ako je 2 * A = 18, koliko je A?","6","8","9","10","3","7","true","800","2025-05-14 16:28:21.490591"
"205","Koliko je 567 + 234?","789","791","801","810","3","7","true","800","2025-05-14 16:28:28.715496"
"206","Ako je A - 249 = 175, koliko je A?","429","424","434","439","2","7","true","800","2025-05-14 16:28:43.103341"
"207","Koliko je 8 × 6?","40","42","44","48","4","7","true","800","2025-05-14 16:28:48.493304"
"208","Ako je 3 * B = 21, koliko je B?","5","6","7","8","3","7","true","800","2025-05-14 16:28:57.016847"
"209","Koliko je 945 - 279?","663","665","666","667","3","7","true","800","2025-05-14 16:29:04.479417"
"210","Ako je 2 * A = 14, koliko je A?","5","6","7","8","3","7","true","800","2025-05-14 16:29:07.152225"
"211","Koliko je 456 ÷ 4?","109","111","112","114","4","7","true","800","2025-05-14 16:29:13.660779"
"212","Ako je A + 189 = 297, koliko je A?","108","109","110","111","1","7","true","800","2025-05-14 16:29:21.328793"
"213","Ana ima 15 lipa u svojoj torbi. Ako joj je dodano 27 lipa, koliko lipa Ana sada ima?","30","40","52","42","4","7","true","800","2025-05-14 16:31:06.741279"
"214","Marko ima 48 karata u svojoj kolekciji. Ako je kupio 17 novih karata, koliko karata Marko sada ima?","55","60","65","70","3","7","true","800","2025-05-14 16:31:17.339993"
"215","U jednom vrtu ima 75 cvijeća. Ako se 32 cvijeća pobere, koliko cvijeća još uvijek ima u vrtu?","43","45","47","50","1","7","true","800","2025-05-14 16:31:31.690673"
"216","U jednom uredu radi 18 ljudi. Ako se 7 ljudi više zaposlilo, koliko ljudi sada radi u uredu?","20","22","25","27","3","7","true","800","2025-05-14 16:31:50.118477"
"217","Marko je kupio 3 vreće krumpira. Svaka vreća ima 9 kg krumpira. Koliko kg krumpira Marko ima ukupno?","21","27","30","36","2","7","true","800","2025-05-14 16:33:06.272179"
"218","U jednom gradu ima 12 škola. Svaka škola ima 8 razreda. Koliko razreda ima u gradu ukupno?","80","90","96","100","3","7","true","800","2025-05-14 16:33:13.141378"
"219","Jedan stol ima 4 noge. Koliko noga ima 9 stolova ukupno?","16","20","36","40","3","7","true","800","2025-05-14 16:33:35.978286"
"220","Tomislav ima 8 kutija čokolada. Svaka kutija ima 12 čokolada. Koliko čokolada ima Tomislav ukupno?","40","60","96","120","3","7","true","800","2025-05-14 16:34:08.428697"
"221","U jednom vrtu ima 15 redova cvijeća. Svaki red ima 8 cvijeća. Koliko cvijeća ima u vrtu ukupno?","60","80","120","160","3","7","true","800","2025-05-14 16:34:13.844489"
"222","Ana ima 9 knjiga u svojoj knjižnici. Svaka knjiga ima 11 stranica. Koliko stranica ima Ana ukupno?","90","99","110","121","2","7","true","800","2025-05-14 16:34:18.463465"
"223","Marko ima 12 stolova u svojoj trgovini. Svaki stol ima 8 stolica. Koliko stolica ima Marko ukupno?","48","64","80","96","4","7","true","800","2025-05-14 16:34:26.393453"
"224","U jednom gradu ima 10 škola. Svaka škola ima 9 razreda. Koliko razreda ima u gradu ukupno?","40","50","60","90","4","7","true","800","2025-05-14 16:34:31.57569"
"225","Ivan je kupio 5 vreća brašna. Svaka vreća ima 20 kg brašna. Koliko kg brašna je Ivan kupio ukupno?","80","90","100","120","3","7","true","800","2025-05-14 16:34:40.716437"
"226","U jednom uredu radi 8 ljudi. Svaki čovjek radi 12 sati dnevno. Koliko sati ljudi ukupno rade?","48","64","80","96","4","7","true","800","2025-05-14 16:35:05.545059"
"227","Đakovačku je katedralu posjetilo 75 domaćih i 5 puta više stranih turista. Koliko je stranih turista posjetilo katedralu?","250","300","375","400","3","7","true","800","2025-05-14 16:35:16.698078"
"228","Luka je kupio 4 stola. Svaki stol košta 25 eura. Koliko eura je Luka potrošio za stolove?","80","90","100","120","3","7","true","800","2025-05-14 16:35:30.580395"
"229","U jednom vrtu ima 18 redova cvijeća. Svaki red ima 15 cvijeća. Koliko cvijeća ima u vrtu ukupno?","180","210","240","270","4","7","true","800","2025-05-14 16:35:39.71499"
"230","Koja od ovih stvari je živo biće?","Sunce","Drvo","Kamen","Oblak","2","8","true","785","2025-05-28 12:19:31.009026"
"231","Što je zajedničko jabukama, narančama i bananama?","To su životinje","To je povrće","To je voće","Raste u vodi","3","8","true","801","2025-05-28 12:19:55.857185"
"232","Kako nazivamo tvari kroz koje možemo vidjeti?","Prozirne","Guste","Čvrste","Mirisne","1","8","false","784","2025-05-28 12:20:17.88417"
"233","Što radimo s otpadom da ne bi zagadili okoliš?","Bacamo ga na ulicu","Bacamo ga u rijeku","Razvrstavamo ga","Ne brinemo se za njega","3","8","true","730","2025-05-28 12:20:23.325559"
"234","Koja od ovih aktivnosti je dobra za naše zdravlje?","Gledanje televizije","Jedanje slatkiša svaki dan","Pranje ruku prije obroka","Sjediti cijeli dan","3","8","true","777","2025-05-28 12:20:37.842943"
"235","Kako nazivamo period godine kada je najviše topline i sunca?","Proljeće","Jesen","Zima","Ljeto","4","8","true","755","2025-05-28 12:20:41.942137"
"236","Koji dio tijela nam omogućuje da vidimo?","Uši","Nos","Oči","Ruku","3","8","true","777","2025-05-28 12:20:45.733077"
"237","Što od sljedećeg je potrebno za rast biljaka?","Voda","Bomboni","Plastika","Televizor","1","8","true","758","2025-05-28 12:21:26.20892"
"238","Koji od ovih životinja se kreće pužući?","Pas","Ptica","Žaba","Puž","4","8","true","794","2025-05-28 12:21:30.397078"
"239","Koja od ovih tvari je tekuća?","kamen","voda","drvo","knjiga","2","8","true","748","2025-05-28 12:21:46.398213"
"240","Koji od ovih životinja se kreće skačući?","zec","zmija","kornjača","crv","1","8","true","785","2025-05-28 12:21:51.850507"
"241","Što od sljedećeg je važno za rast biljaka?","igračke","sunce","televizor","auto","2","8","true","753","2025-05-28 12:21:59.443202"
"242","Koji od ovih plodova je voće?","krumpir","banana","mrkva","grašak","2","8","true","788","2025-05-28 12:22:11.250106"
"243","Kako nazivamo period godine kada pada snijeg?","ljeto","proljet","zima","jesen","3","8","true","764","2025-05-28 12:22:14.020812"
"244","Koji dio tijela nam omogućuje da čujemo?","oči","nos","uši","usta","3","8","true","713","2025-05-28 12:22:16.805921"
"245","Koja od ovih stvari je živo biće?","stol","cvijet","kamen","automobil","2","8","true","795","2025-05-28 12:22:25.764669"
"246","Koji dio tijela nam omogućuje da osjetimo okuse?","Uši","Oči","Nos","Jezik","4","8","true","778","2025-05-28 12:23:11.483867"
"247","Što je zajedničko kupusu, blitvi i cikli? To je ...","Voće","Povrće","Žitarice","Slatkiši","2","8","true","773","2025-05-28 12:23:33.619158"
"248","Koji dio tijela nam omogućuje da čujemo?","Oči","Uši","Nos","Jezik","2","8","true","738","2025-05-28 12:23:39.67338"
"249","Koji od sljedećih životinja se kreće letenjem?","Pas","Mačak","Ptica","Ribica","3","8","true","786","2025-05-28 12:23:42.782856"
"250","Koji od sljedećih plodova je voće?","Krumpir","Luk","Jabuka","Kupus","3","8","true","789","2025-05-28 12:23:53.13191"
"251","Koji dio tijela nam omogućuje da osjećamo dodir?","Koža","Kosa","Oči","Uši","1","8","true","799","2025-05-28 12:23:58.508146"
"252","Koji od ovih plodova nije voće?","Jabuka","Naranča","Bananca","Krumpir","4","8","true","778","2025-05-28 12:24:31.922105"
"253","Koji dio tijela nam omogućuje da osjećamo toplinu ili hladnoću?","Koža","Oči","Uši","Nos","1","8","true","787","2025-05-28 12:24:37.296603"
"254","Koja od ovih životinja se kreće plivanjem?","Pas","Mačka","Ribica","Ptica","3","8","true","698","2025-05-28 12:24:46.477896"
"255","Koliko dana ima mjesec prosinac?","28","30","31","29","3","8","true","787","2025-05-28 12:25:59.082299"
"256","Koji je alat koristan za mjerenje trajanja aktivnosti?","termometar","ravnalo","štoperica","olovka","3","8","true","832","2025-05-28 12:26:03.06156"
"257","Kako nazivamo vrijeme koje je već prošlo?","sadašnjost","budućnost","prošlost","sutra","3","8","true","786","2025-05-28 12:26:16.649953"
"258","Kako nazivamo vrijeme koje dolazi nakon sadašnjosti?","prošlost","sadašnjost","budućnost","jučer","3","8","true","780","2025-05-28 12:26:20.111718"
"259","U kojem mjesecu slaviš kraj godine?","prosinac","siječanj","veljača","ožujak","1","8","true","782","2025-05-28 12:26:34.140069"
"260","Koliko sati ima u jednom danu?","12","24","30","60","2","8","true","733","2025-05-28 12:26:41.852412"
"261","Što koristimo da bismo vidjeli koji dan je danas?","sat","štoperica","kalendar","termometar","3","8","true","788","2025-05-28 12:26:46.426701"
"262","Kako nazivamo vrijeme koje je trenutno?","prošlost","sadašnjost","budućnost","jutro","2","8","true","724","2025-05-28 12:26:49.697604"
"263","Koliko minuta ima u jednom satu?","30","45","60","100","3","8","true","769","2025-05-28 12:28:10.102551"
"264","Koji od ovih ljudi je član uže obitelji?","Susjed","Prijatelj","Učiteljica","Sestra","4","8","true","650","2025-05-28 12:28:48.023941"
"265","Kako nazivamo oblik planine?","Kugla","Kocka","Stožac","Kvadrat","3","8","true","789","2025-05-28 12:28:57.21656"
"266","Koji od ovih ljudi je liječnik?","Vatrogasac","Prodavačica","Učitelj","Doktor","4","8","false","774","2025-05-28 12:29:11.148551"
"267","Kako nazivamo oblik sunca?","Krug","Trokut","Pravokutnik","Zvijezda","1","8","true","737","2025-05-28 12:29:24.971416"
"268","Koji je dio mjesta u kojemu živi namijenjen za rekreaciju?","Park","Škola","Tržnica","Bolnica","1","8","false","879","2025-05-28 12:30:15.345159"
"269","Koje je to godišnje doba kada je najviše sunčanih sati?","proljet","ljeto","jesen","zima","2","8","true","721","2025-05-28 12:31:06.469075"
"270","Što se događa s drvećem u jesen?","Cvijeta","donosi plodove","gubi listove","raste novo lišće","3","8","true","877","2025-05-28 12:31:30.71214"
"271","Što životinje čine prije zime?","igraju se","grade gnijezda","pripremaju se za zimski san","pjevaju","3","8","false","794","2025-05-28 12:31:50.00917"
"272","Što se događa s pticama selicama u jesen?","grade gnijezda","sele u toplije krajeve","pjevaju","donose mladunce","2","8","true","800","2025-05-28 12:32:28.768847"
"273","Koji je period godine kada su najduži dan?","Zima","Proljeće","Ljeto","Jesen","3","8","true","798","2025-05-28 12:32:58.809016"
"274","Koji je period godine kada su noći najduže?","Ljeto","Jesen","Zima","Proljeće","3","8","true","793","2025-05-28 12:33:20.461175"
"275","U kojem mjesecu počinje zima?","Studeni","Prosinac","Siječanj","Veljača","2","8","true","804","2025-05-28 12:33:41.576354"
"276","Koja od ovih stvari je izvor energije?","Sunce","Knjiga","Stolica","Zrak","1","8","true","787","2025-05-28 12:36:19.453519"
"277","Kako se zove energija koju dobivamo od Sunca?","Solarna energija","Vjetarna energija","Vodena energija","Nuklearna energija","1","8","true","786","2025-05-28 12:36:21.919869"
"278","Kako nazivamo energiju koju koristimo kod kuće za svjetlo i uređaje?","Toplinska energija","Električna energija","Kemijska energija","Sunčeva energija","2","8","true","753","2025-05-28 12:36:40.967155"
"279","Koje od ovih vozila koristi benzin kao izvor energije?","Bicikl","Automobil","Tramvaj","Vlak","2","8","true","777","2025-05-28 12:36:54.454264"
"280","Kako možemo uštedjeti električnu energiju kod kuće?","Pustiti svjetlo upaljeno kad napustimo sobu","Koristiti više topline kad je hladno","Isključiti uređaje kad ih ne koristimo","Ostaviti vodu da teče ","3","8","true","809","2025-05-28 12:37:08.528919"
"281","Što se događa s električnom energijom kad uključimo žarulju?","Pretvara se u toplinu i svjetlost","Pretvara se u zvuk","Nestane","Pretvara se u vodu","1","8","true","784","2025-05-28 12:37:21.842489"
"282","Kako nazivamo oca svoje majke?","stric","djed","brat","tata","2","8","true","785","2025-05-28 12:40:07.793618"
"283","Kako nazivamo brata moje majke?","stric","ujak","brat","djed","2","8","true","755","2025-05-28 12:40:23.281428"
"284","Kako nazivamo oca moje tete?","pradjed","djed","otac","brat","2","8","true","793","2025-05-28 12:40:31.984179"
"285","Kako nazivamo majku moje majke?","baka","sestra","tetka","teta","1","8","true","761","2025-05-28 12:40:39.565817"
"286","Kako nazivamo brata moga oca?","brat","ujak","stric","otac","3","8","true","795","2025-05-28 12:40:43.210992"
"287","Kako nazivamo kćerku moje tete?","nećakinja","sestrična","tetka","rođakinja","2","8","true","815","2025-05-28 12:40:48.268226"
"288","Kako nazivamo oca moga djeda?","pradjed","otac","djed","brat","1","8","true","785","2025-05-28 12:40:50.964822"
"289","Kako nazivamo majku moje tete?","baka","teta","sestra","majka","1","8","true","789","2025-05-28 12:40:55.892826"
"290","Kako nazivamo oca moje majke?","brat","stric","djed","tata","3","8","true","799","2025-05-28 12:41:06.032677"
"291","Koga bi trebali pozvati ako vidite požar?","policiju","vatrogasce","hitnu pomoć","učitelja","2","8","true","665","2025-05-28 12:42:31.914887"
"292","Koga bi trebali pozvati ako vidite ozlijeđenu životinjicu?","vatrogasce","veterinara","policiju","učitelja","2","8","false","792","2025-05-28 12:43:20.861222"
"293","Koji je broj za policiju u Hrvatskoj?","196","192","193","194","2","8","true","785","2025-05-28 12:44:14.909079"
"294","Koji je broj za hitnu medicinsku pomoć u Hrvatskoj?","195","192","193","194","4","8","true","846","2025-05-28 12:44:37.385012"
"295","Koji je broj vatrogasaca u Hrvatskoj","193","192","191","195","1","8","true","809","2025-05-28 12:45:19.531612"
"296","Koje od ovih boja je topla boja?","Plava","Žuta","Zelena","Ljubičasta","2","8","true","704","2025-05-28 12:46:21.347242"
"297","Koje od ovih boja je hladna boja?","Crvena","Plava","Naranja","Žuta","2","8","true","853","2025-05-28 12:46:23.932027"
"298","Što dobiješ ako pomiješaš crvenu i plavu boju?","Žuta","ljubičasta","zelena","narančasta","2","8","true","795","2025-05-28 12:46:28.046527"
"299","Što dobiješ ako pomiješaš žutu i plavu boju?","narančasta","zelena","ljubičasta","crvena","2","8","true","756","2025-05-28 12:46:39.195635"
"300","Što dobiješ ako pomiješaš crvenu i žutu boju?","narančasta","zelena","ljubičasta","crvena","1","8","true","791","2025-05-28 12:46:46.844911"
"301","Koja boja je suprotna/kontrastna od plave?","žuta","crvena","narančasta","zelena","1","8","true","867","2025-05-28 12:46:57.614887"
"302","Koje od ovih boja je topla boja?","plava","zelena","crvena","ljubičasta","3","8","true","683","2025-05-28 12:47:22.097837"
"303","Koje od ovih boja je hladna boja?","žuta","narančasta","plava","crvena","3","8","true","716","2025-05-28 12:47:27.904799"
"304","Kad drvo jabuke nosi plodove?","proljeće","ljeto","jesen","zima","3","8","true","927","2025-05-28 12:48:50.363573"
"305","Koliko dana ima mjesec srpanj?","28","30","31","29","3","8","true","693","2025-05-28 12:50:20.73814"
"306","Kojem godišnjem dobu pripada mjesec srpanj?","Proljeće","Ljeto","Jesen","Zima","2","8","true","935","2025-05-28 12:50:21.620491"
"307","Koliko dana ima mjesec veljača, ako nije prijestupna godina?","28","30","31","29","1","8","true","853","2025-05-28 12:50:41.140669"
"308","Kojem godišnjem dobu pripada mjesec veljača?","Proljeće","Ljeto","Jesen","Zima","4","8","true","940","2025-05-28 12:50:42.964691"
"309","Koliko dana ima mjesec ožujak?","28","30","31","29","3","8","true","909","2025-05-28 12:50:45.482981"
"310","Kojem godišnjem dobu pripada mjesec ožujak?","Proljeće","Ljeto","Jesen","Zima","1","8","true","874","2025-05-28 12:50:48.952279"
"311","Koliko dana ima mjesec travanj?","28","30","31","29","2","8","true","777","2025-05-28 12:51:10.428534"
"312","Koliko dana ima mjesec svibanj?","28","30","31","29","3","8","true","812","2025-05-28 12:51:16.752856"
"313","Kojem godišnjem dobu pripada mjesec svibanj?","Proljeće","Ljeto","Jesen","Zima","1","8","true","791","2025-05-28 12:51:18.394981"
"314","Koliko dana ima mjesec lipanj?","28","30","31","29","2","8","true","738","2025-05-28 12:51:24.049976"
"315","Koliko dana ima mjesec srpanj?","28","30","31","29","3","8","true","845","2025-05-28 12:51:30.007087"
"316","Kojem godišnjem dobu pripada mjesec srpanj?","Proljeće","Ljeto","Jesen","Zima","2","8","true","784","2025-05-28 12:51:33.275467"
"317","Koliko dana ima mjesec kolovoz?","28","30","31","29","3","8","true","795","2025-05-28 12:51:37.140079"
"318","Kojem godišnjem dobu pripada mjesec kolovoz?","Proljeće","Ljeto","Jesen","Zima","2","8","true","787","2025-05-28 12:51:38.488848"
"319","Koliko dana ima mjesec rujan?","28","30","31","29","2","8","true","811","2025-05-28 12:52:02.262987"
"320","Koliko dana ima mjesec listopad?","28","30","31","29","3","8","true","786","2025-05-28 12:52:07.844843"
"321","Kojem godišnjem dobu pripada mjesec listopad?","Proljeće","Ljeto","Jesen","Zima","3","8","true","789","2025-05-28 12:52:18.702278"
"322","Koliko dana ima mjesec studeni?","28","30","31","29","2","8","true","797","2025-05-28 12:52:26.455124"
"323","Kojem godišnjem dobu pripada mjesec studeni?","Proljeće","Ljeto","Jesen","Zima","3","8","true","919","2025-05-28 12:52:40.214037"
"324","U kojem mjesecu počinje proljeće","svibanj","lipanj","ožujak","travanj","4","8","true","1019","2025-05-28 12:56:18.266328"
"325","U kojem mjesecu kreće ljeto?","kolovoz","lipanj","rujan","srpanj","2","8","true","786","2025-05-28 12:56:38.775356"
"326","U kojem mjesecu kreće jesen","rujan","listopad","kolovoz","svibanj","1","8","true","787","2025-05-28 12:57:03.311138"
"327","U kojem mjesecu kreće zima?","studeni","siječanj","prosinac","listopad","3","8","true","908","2025-05-28 12:57:26.320174"
"328","Koja od ovih namirnica je biljnog podrijetla?","Jabuka","Meso","Mlijeko","Šunka","1","8","true","784","2025-05-28 12:58:48.313278"
"329","Koji od ovih namirnica je životinjskog podrijetla?","Kruh","Jogurt","Salata","Riba","4","8","true","787","2025-05-28 12:58:53.102962"
"330","Što dobivamo od krave?","Jabuke","Mlijeko","Kruh","Žitarice","2","8","true","785","2025-05-28 12:59:07.824675"
"331","Koji od ovih namirnica je dobivena od životinje?","Jaja","Kruh","Banane","Krumpir","1","8","true","800","2025-05-28 12:59:15.97527"
"332","Koji od ovih namirnica je prirodni izvor vitamina C?","Sladoled","Naranča","Šunka","Čokolada","2","8","true","785","2025-05-28 12:59:28.722011"
"333","Kada slaviš Božić?","25. prosinca","1. travnja","1. svibnja","1. rujna","1","8","true","720","2025-05-28 13:00:11.15951"
"334","Kada slaviš Uskrs?","u ljeto","u zimu","u proljeće","u jesen","3","8","true","785","2025-05-28 13:00:50.548591"
"335","Koja od ovih životinja ima rogove?","Mačka","Krava","Pas","Ptica","2","8","true","794","2025-05-28 13:02:48.917122"
"336","Koja od ovih životinja živi u moru?","Lav","Ribe","Slon","Zebra","2","8","true","787","2025-05-28 13:02:54.709863"
"337","Koja od ovih životinja može letjeti?","Zmija","Vuk","Štakor","Orao","4","8","true","787","2025-05-28 13:02:57.303986"
"338","Koja od ovih životinja je domaća životinja?","Medvjed","Konj","Vuk","Lisica","2","8","true","787","2025-05-28 13:02:59.63159"
"339","Koja od ovih životinja živi u Hrvatskoj?","Lav","Žirafa","Vjeverica","Tigre","3","8","true","786","2025-05-28 13:03:06.272501"
"340","Koja od ovih životinja ima perje?","Zec","Medvjedić","Galeb","Žaba","3","8","true","788","2025-05-28 13:03:12.505671"
"341","Koja od ovih životinja je sisavac?","Zmija","Vrabac","Kornjača","Mačka","4","8","true","785","2025-05-28 13:03:30.408806"
"342","Koja od ovih životinja se hrani biljem?","Lav","Zec","Vuk","Tigar","2","8","true","911","2025-05-28 13:03:36.924633"
"343","Koji dio tijela životinje omogućuje letenje?","Rep","Krila","Noge","Glava","2","8","true","785","2025-05-28 13:04:20.714038"
"344","Koja od ovih životinja živi u moru?","Medvjed","Vuk","Dupin","Orao","3","8","true","782","2025-05-28 13:04:35.680023"
"345","Koji dio tijela životinje koriste za disanje pod vodom?","Škrge","Pluća","Srce","Jetra","1","8","true","844","2025-05-28 13:04:39.980992"
"346","Koja od ovih životinja je domaća životinja?","Vuk","Ris","Magarac","Slon","3","8","true","787","2025-05-28 13:04:57.351924"
"347","Koja od ovih životinja se hrani biljem?","Lav","Medvjed","Tigar","Konj","4","8","true","788","2025-05-28 13:05:14.420809"
"348","Koji dio tijela životinje omogućuje kretanje po kopnu?","Perje","Krila","Noge","Rep","3","8","true","785","2025-05-28 13:05:19.237862"
"349","Koja od ovih životinja živi u Hrvatskoj?","Lav","Slon","Nosorog","Vuk","4","8","true","785","2025-05-28 13:05:41.441684"
"350","Kamo odlaze ptice selice tokom zime?","U Afriku","U Europu","U Aziju","U Ameriku","1","8","true","814","2025-05-28 13:06:50.539047"
"351","Koji od ovih kukaca može letjeti?","Mrav","Škorpion","Pčela","Glista","3","8","true","800","2025-05-28 13:08:13.494328"
"352","Šta koristi pčela za izradu meda?","Voće","Nektar cvijeća","Sjemenke","Listovi","2","8","true","800","2025-05-28 13:08:21.678144"
"353","Koje od ovih vozila se kreće po vodi?","Automobil","Brod","Zrakoplov","Bicikl","2","8","true","783","2025-05-28 13:09:13.768298"
"354","Koje vozilo koristimo za putovanje zrakom?","Autobus","Avion","Brod","Tramvaj","2","8","true","784","2025-05-28 13:09:22.347845"
"355","Koje vozilo ima dva kotača i koristi se za kratka putovanja?","Automobil","Bicikl","Tramvaj","Autobus","2","8","true","785","2025-05-28 13:09:33.187706"
"356","Koje vozilo se kreće po tračnicama?","Automobil","Vlak","Brod","Avion","2","8","true","784","2025-05-28 13:09:53.076032"
"357","Koji broj je veći, 37 ili 73?","37","73","50","25","2","9","true","788","2025-05-28 14:53:30.315311"
"358","Koliko je 50 veće od 20?","10","20","30","40","3","9","true","782","2025-05-28 14:53:35.779624"
"359","Broj 40 se sastoji od:","4 desetice i 0 jedinica","0 desetica i 4 jedinice","4 desetice i 4 jedinice","0 desetica i 0 jedinica","1","9","true","774","2025-05-28 14:53:45.693579"
"360","Koliko je 30 manje od 80?","50","40","60","30","1","9","true","778","2025-05-28 14:54:04.36703"
"361","Broj 57 se sastoji od:","5 desetica i 7 jedinica","7 desetica i 5 jedinica","5 stotica i 7 jedinica","7 stotica i 5 jedinica","1","9","true","774","2025-05-28 14:54:06.5303"
"362","Koliko je 4 desetice?","4","40","400","4000","2","9","true","771","2025-05-28 14:54:09.228167"
"363","Što znači rimska znamenka V?","1","5","10","100","2","9","true","787","2025-05-28 14:54:11.528758"
"364","Koliko je 12 + 23?","25","35","45","55","2","9","true","777","2025-05-28 14:54:15.653118"
"365","20 podijeljeno sa 5 je:","2","4","5","10","2","9","true","781","2025-05-28 14:54:21.251497"
"366","Višekratnici broja 3 je:","1","4","5","9","4","9","true","862","2025-05-28 14:54:29.935152"
"367","Kolika je polovica broja 14?","6","7","8","9","2","9","true","788","2025-05-28 14:54:32.775267"
"369","Broj 35 se sastoji od:","3 desetice i 5 jedinica","5 desetica i 3 jedinice","3 jedinice i 5 desetica","5 jedinice i 3 stotice","1","9","true","793","2025-05-28 14:55:18.438991"
"370","Koliko je 15 manje od 45?","30","25","40","60","1","9","true","801","2025-05-28 14:55:23.582707"
"371","Što znači rimska znamenka X?","5","10","100","50","2","9","true","772","2025-05-28 14:55:25.646213"
"372","Koliko je 24 + 13?","37","11","47","31","1","9","true","780","2025-05-28 14:55:30.036632"
"373","3 x 7 je:","21","10","14","28","1","9","true","786","2025-05-28 14:55:31.684865"
"374","Kolika je polovica broja 18?","6","9","12","3","2","9","true","780","2025-05-28 14:55:34.081543"
"375","Koliko je 50 podijeljeno sa 5?","5","10","15","20","2","9","true","639","2025-05-28 14:55:36.747982"
"376","Koji je broj paran?","27","31","42","55","3","9","true","787","2025-05-28 14:55:39.806974"
"377","Broj 54 se sastoji od:","4 desetice i 5 jedinica","5 desetica i 4 jedinice","4 desetice i 4 jedinice","5 desetica i 5 jedinica","2","9","true","787","2025-05-28 14:55:54.921659"
"378","Koliko je 15 + 23?","28","38","48","58","2","9","true","786","2025-05-28 14:55:58.680358"
"379","Kako se piše broj 9 u rimskim znamenkama?","VIII","IX","VII","VI","2","9","true","730","2025-05-28 14:56:07.738244"
"380","Koliko je 36 podijeljeno sa 4?","6","8","9","12","3","9","true","787","2025-05-28 14:56:22.583955"
"381","Koliko je 7 x 6?","36","42","48","54","2","9","true","787","2025-05-28 14:56:46.887935"
"382","Što je rezultat 9 x 3?","12","27","36","45","2","9","true","641","2025-05-28 14:56:47.759726"
"383","Koliko je 5 x 8?","30","40","50","60","2","9","true","788","2025-05-28 14:56:49.177679"
"384","4 x 7 je isto što i:","21","24","28","32","3","9","true","789","2025-05-28 14:56:57.686394"
"385","Koji je rezultat množenja 6 x 6?","24","30","36","42","3","9","true","699","2025-05-28 14:57:00.030802"
"386","Što je 8 x 2?","6","10","16","20","3","9","true","788","2025-05-28 14:57:02.232029"
"387","Koliko je 3 x 9?","12","21","27","36","3","9","true","793","2025-05-28 14:57:03.734693"
"388","10 x 5 je isto što i:","40","50","60","70","2","9","true","780","2025-05-28 14:57:05.300229"
"389","Koji je rezultat 2 x 10?","12","20","30","40","2","9","true","781","2025-05-28 14:57:06.63011"
"390","Koliko je 7 x 4?","11","21","28","35","3","9","true","788","2025-05-28 14:57:11.942145"
"391","Koliko je 6 x 8?","42","48","54","60","2","9","true","815","2025-05-28 14:57:30.074392"
"392","Što je 7 x 5?","25","30","35","40","3","9","true","786","2025-05-28 14:57:30.75224"
"393","Koliko je 9 x 3?","18","24","27","30","3","9","true","782","2025-05-28 14:57:31.694592"
"394","Koji je rezultat množenja 4 x 9?","27","32","36","40","3","9","true","787","2025-05-28 14:57:34.802271"
"395","Koliko je 2 x 10?","12","15","20","25","3","9","true","671","2025-05-28 14:57:35.90475"
"396","Koliko je 3 x 7?","10","17","24","21","4","9","true","780","2025-05-28 14:57:44.581672"
"397","Koliko je 7 x 9?","56","62","70","63","4","9","true","809","2025-05-28 14:57:56.333289"
"398","Koliko je 6 x 9?","50","52","54","53","3","9","true","818","2025-05-28 14:58:11.678746"
"399","Što je rezultat množenja 8 x 8?","60","62","64","61","3","9","true","803","2025-05-28 14:58:18.658565"
"400","Koliko je 4 x 6?","20","22","24","23","3","9","true","803","2025-05-28 14:58:24.226281"
"401","Koliko je 9 x 7?","60","62","63","65","3","9","true","787","2025-05-28 14:58:28.418966"
"402","Što je rezultat množenja 5 x 9?","40","42","44","45","4","9","true","742","2025-05-28 14:58:30.810526"
"403","Što je rezultat množenja 9 x 9?","79","80","81","82","3","9","true","775","2025-05-28 14:58:42.52189"
"404","Koliko je 6 x 6?","30","32","34","36","4","9","true","771","2025-05-28 14:58:43.658081"
"405","Koliko je 5 x 5?","20","24","25","30","3","9","true","736","2025-05-28 14:59:55.685342"
"406","Koliko je 2 x 2?","3","4","5","6","2","9","true","707","2025-05-28 14:59:56.44495"
"407","Koliko je 4 x 4?","14","15","16","20","3","9","true","650","2025-05-28 14:59:57.302709"
"408","Koliko je 3 x 8?","20","22","24","26","3","9","true","788","2025-05-28 15:00:04.019947"
"409","Koliko je 3 x 3?","6","8","10","9","4","9","true","773","2025-05-28 15:00:09.144578"
"410","Koliko je 0 x 9?","1","8","0","9","3","9","true","806","2025-05-28 15:00:26.900475"
"411","Što je rezultat 7 x 0?","7","0","1","49","2","9","true","789","2025-05-28 15:00:28.344886"
"412","Koliko je 1 x 6?","5","6","7","8","2","9","true","789","2025-05-28 15:00:29.940697"
"413","Koliko je 0 x 1?","0","1","2","10","1","9","true","772","2025-05-28 15:00:31.167225"
"414","Što je rezultat 9 x 1?","8","9","10","11","2","9","true","657","2025-05-28 15:00:32.238344"
"415","Koliko je 0 / 1?","0","1","2","10","1","9","true","779","2025-05-28 15:00:38.703597"
"416","Koliko je 1 / 0?","0","1","nije definirano","10","3","9","true","954","2025-05-28 15:00:39.987765"
"417","Što je rezultat 0 x 8?","1","8","0","9","3","9","true","759","2025-05-28 15:00:41.283598"
"418","Koliko je 6 x 0?","6","0","1","12","2","9","true","658","2025-05-28 15:00:42.315131"
"419","Koliko je 1 x 9?","8","9","10","11","2","9","true","616","2025-05-28 15:00:43.447965"
"420","Kolika je polovica broja 12?","4","6","8","10","2","9","true","792","2025-05-28 15:01:21.293954"
"421","Kolika je trećina broja 18?","4","5","6","7","3","9","true","714","2025-05-28 15:01:25.724613"
"422","Kolika je četvrtina broja 20?","3","4","5","6","3","9","true","779","2025-05-28 15:01:31.725667"
"423","Kolika je trećina broja 21?","7","6","5","8","1","9","true","786","2025-05-28 15:01:42.861152"
"424","Kolika je četvrtina broja 24?","4","5","6","7","3","9","true","816","2025-05-28 15:01:48.442438"
"425","Kolika je trećina broja 15?","3","4","6","5","4","9","true","789","2025-05-28 15:01:59.378224"
"426","Kolika je četvrtina broja 28?","5","6","7","8","3","9","true","801","2025-05-28 15:02:06.744585"
"427","Kolika je polovica broja 22?","9","10","11","12","3","9","true","780","2025-05-28 15:02:08.797191"
"428","Koji rimski broj predstavlja broj 8?","IV","VIII","VI","IX","2","9","true","888","2025-05-28 15:03:21.617429"
"429","Koji rimski broj je veći, VI ili IV?","VI","IV","isti su","ne znam","1","9","true","788","2025-05-28 15:03:31.679946"
"430","Koliko je IV + III?","VII","VI","VIII","IX","1","9","true","792","2025-05-28 15:03:38.127261"
"431","Koji rimski broj predstavlja broj 12?","XII","VII","X","XI","1","9","true","803","2025-05-28 15:03:39.828241"
"432","Što je X - V?","VI","V","IV","III","2","9","true","888","2025-05-28 15:03:45.894476"
"433","Koji rimski broj dolazi nakon IX?","X","VIII","XI","VII","1","9","true","817","2025-05-28 15:03:48.376442"
"434","Koji rimski broj je manji, VI ili VIII?","VI","VIII","isti su","ne znamo","1","9","true","787","2025-05-28 15:03:51.357497"
"435","Koliko je VII + V?","X","XII","XI","IX","2","9","true","771","2025-05-28 15:03:58.179824"
"436","Koji rimski broj je jednak broju 1?","X","I","V","IV","2","9","true","788","2025-05-28 15:04:00.226212"
"437","Što je V + I?","III","IV","VI","VII","3","9","true","771","2025-05-28 15:04:12.573424"
"438","Koji rimski broj predstavlja broj 4?","I","V","X","IV","4","9","true","789","2025-05-28 15:04:42.527573"
"439","Koliko je X - III?","V","VII","VI","IV","2","9","true","889","2025-05-28 15:04:47.449068"
"440","Koji rimski broj predstavlja broj 9?","VII","IX","X","XI","2","9","true","799","2025-05-28 15:04:51.747402"
"441","Koliko je VI + III?","VII","VIII","IX","X","3","9","true","935","2025-05-28 15:05:04.455599"
"442","Koji rimski broj je jednak broju 6?","V","VI","VII","VIII","2","9","true","651","2025-05-28 15:05:06.422472"
"443","Koji rimski broj predstavlja broj 10?","IX","XII","XI","X","4","9","true","775","2025-05-28 15:05:17.021581"
"444","Koliko je II + X?","XI","X","XIII","XII","4","9","true","878","2025-05-28 15:05:31.385323"
"445","Koliko je 45 + 27?","60","70","72","62","3","9","true","725","2025-05-28 15:17:16.990858"
"446","Koliko je 75 - 32?","40","43","42","41","2","9","true","707","2025-05-28 15:17:23.552375"
"447","Koliko je 23 + 19?","40","41","42","43","3","9","true","758","2025-05-28 15:17:29.28874"
"448","Koliko je 56 - 27?","28","29","30","31","2","9","true","783","2025-05-28 15:17:34.157763"
"449","Koliko je 67 + 13?","75","76","77","80","4","9","true","753","2025-05-28 15:17:39.90439"
"450","Koliko je 93 - 49?","40","42","43","44","4","9","true","933","2025-05-28 15:17:46.896847"
"451","Koliko je 31 + 25?","54","55","56","57","3","9","true","596","2025-05-28 15:17:51.442202"
"452","Koliko je 49 - 23?","24","25","26","27","3","9","true","778","2025-05-28 15:17:56.024955"
"453","Koliko je 75 + 22?","95","96","97","98","3","9","true","803","2025-05-28 15:17:59.9764"
"454","Koliko je 98 - 43?","50","52","53","55","3","9","true","991","2025-05-28 15:18:02.483895"
"455","Koliko je 36 + 29?","63","64","65","66","3","9","true","730","2025-05-28 15:18:08.432062"
"456","Koliko je 85 - 39?","44","45","46","47","3","9","true","791","2025-05-28 15:18:13.873231"
"457","Koliko je 48 + 17?","63","64","65","66","3","9","true","898","2025-05-28 15:18:20.443009"
"458","Koliko je 69 - 31?","36","37","39","38","4","9","true","777","2025-05-28 15:18:29.696173"
"459","Koliko je 59 + 24?","81","82","83","84","3","9","true","710","2025-05-28 15:18:35.037718"
"460","Koliko je 97 - 53?","42","43","44","45","3","9","true","746","2025-05-28 15:18:38.694842"
"461","Koliko je 43 + 28?","69","70","71","72","3","9","true","810","2025-05-28 15:18:46.621726"
"462","Koliko je 76 - 41?","35","34","32","36","1","9","true","810","2025-05-28 15:18:57.700464"
"463","Koliko je 51 + 26?","75","76","77","78","3","9","true","790","2025-05-28 15:19:01.320473"
"464","Koliko je 94 - 58?","34","35","33","36","4","9","true","787","2025-05-28 15:19:12.902539"
"465","Koliko je 25 + 32?","57","67","47","37","1","9","true","788","2025-05-28 20:08:57.579881"
"466","Koliko je 73 - 21?","32","62","42","52","4","9","true","787","2025-05-28 20:09:15.257797"
"467","Koliko je 18 + 45?","53","63","73","43","2","9","true","742","2025-05-28 20:09:30.855561"
"468","Koliko je 91 - 34?","67","57","47","77","2","9","true","1007","2025-05-28 20:09:38.009227"
"469","Koliko je 36 + 29?","55","45","75","65","4","9","true","783","2025-05-28 20:09:49.645018"
"470","Koliko je 62 - 17?","45","35","55","25","1","9","true","785","2025-05-28 20:09:59.933487"
"471","Koliko je 47 + 28?","74","65","55","75","4","9","true","814","2025-05-28 20:10:13.210358"
"472","Koliko je 85 - 49?","36","26","46","56","1","9","true","787","2025-05-28 20:10:20.480183"
"473","Koliko je 51 + 33?","88","74","94","84","4","9","true","777","2025-05-28 20:10:31.178301"
"474","Koliko je 98 - 52?","43","36","46","26","3","9","true","783","2025-05-28 20:10:58.132635"
"475","Koliko je 27 + 56?","83","73","93","63","1","9","true","816","2025-05-28 20:11:03.925181"
"476","Koliko je 79 - 35?","44","54","34","24","1","9","true","825","2025-05-28 20:11:09.477936"
"477","Koliko je 87 - 42?","45","35","55","25","1","9","true","855","2025-05-28 20:11:20.742158"
"478","Koliko je 45 + 27?","70","72","71","69","2","9","true","800","2025-05-28 20:11:35.634781"
"479","Koliko je 75 - 32?","41","42","43","40","3","9","true","813","2025-05-28 20:11:44.076632"
"480","Koliko je 23 + 19?","40","41","42","43","3","9","true","790","2025-05-28 20:11:48.052049"
"481","Koliko je 56 - 27?","28","29","30","31","2","9","true","827","2025-05-28 20:11:51.974885"
"482","Koliko je 67 + 13?","78","79","80","81","3","9","true","825","2025-05-28 20:12:03.402408"
"483","Koliko je 93 - 49?","42","43","44","45","3","9","true","879","2025-05-28 20:12:09.665238"
"484","Koliko je 31 + 25?","54","56","58","57","2","9","true","773","2025-05-28 20:12:22.160899"
"485","Koliko je 49 - 23?","24","25","26","27","3","9","true","825","2025-05-28 20:12:28.503785"
"486","Koliko je 75 + 22?","95","96","97","98","3","9","true","803","2025-05-28 20:12:36.099172"
"487","Koliko je 98 - 43?","53","54","55","56","3","9","true","860","2025-05-28 20:12:41.846829"
"488","Koliko je 36 + 29?","63","64","65","66","3","9","true","783","2025-05-28 20:12:46.789878"
"489","Koliko je 85 - 39?","44","45","46","47","3","9","true","810","2025-05-28 20:12:52.015289"
"490","Koliko je 48 + 17?","63","64","65","66","3","9","true","830","2025-05-28 20:13:03.156962"
"491","Koliko je 69 - 31?","36","37","38","39","3","9","true","780","2025-05-28 20:13:06.626447"
"492","Koliko je 59 + 24?","81","83","85","84","2","9","true","813","2025-05-28 20:13:30.006618"
"493","25 + 32 = ?","47","57","67","58","2","9","true","838","2025-05-28 20:14:13.085554"
"494","73 - 21 = ?","52","62","42","32","1","9","true","800","2025-05-28 20:14:15.463317"
"495","18 + 45 = ?","73","63","53","43","2","9","true","825","2025-05-28 20:14:25.038947"
"496","91 - 34 = ?","57","67","47","77","1","9","true","800","2025-05-28 20:14:27.629331"
"497","36 + 29 = ?","55","65","75","45","2","9","true","816","2025-05-28 20:14:33.80723"
"498","62 - 17 = ?","45","55","35","25","1","9","true","863","2025-05-28 20:14:37.637938"
"499","47 + 28 = ?","75","65","85","55","1","9","true","872","2025-05-28 20:14:41.292677"
"500","85 - 49 = ?","36","46","26","56","1","9","true","800","2025-05-28 20:14:45.475983"
"501","51 + 33 = ?","74","84","64","94","2","9","true","807","2025-05-28 20:14:50.052953"
"502","98 - 52 = ?","46","36","56","26","1","9","true","800","2025-05-28 20:14:54.180488"
"503","27 + 56 = ?","83","93","73","63","1","9","true","781","2025-05-28 20:14:59.643571"
"504","79 - 35 = ?","44","54","34","24","1","9","true","800","2025-05-28 20:15:03.912268"
"505","87 - 42 = ?","35","45","55","25","2","9","true","800","2025-05-28 20:15:13.102335"
"506","45 + 27 = ?","72","82","62","52","1","9","true","800","2025-05-28 20:15:16.597718"
"507","75 - 32 = ?","43","53","33","63","1","9","true","834","2025-05-28 20:15:20.811947"
"508","23 + 19 = ?","42","32","52","22","1","9","true","800","2025-05-28 20:15:25.553736"
"509","56 - 27 = ?","29","39","19","49","1","9","true","800","2025-05-28 20:15:30.659649"
"510","67 + 13 = ?","80","70","90","60","1","9","true","800","2025-05-28 20:15:34.451012"
"511","93 - 49 = ?","44","34","54","24","1","9","true","800","2025-05-28 20:15:39.487047"
"512","31 + 25 = ?","56","46","66","36","1","9","true","800","2025-05-28 20:15:42.54105"
"513","Ana ima 25 jabuka, a Luka joj je dao još 18. Koliko jabuka ima Ana sada?","33","13","23","43","4","9","true","800","2025-05-28 20:48:10.127768"
"514","Marko je sakupio 37 kamenčića, a izgubio je 12. Koliko kamenčića mu je ostalo?","25","35","45","15","1","9","true","800","2025-05-28 20:48:17.239735"
"515","U kutiji je bilo 52 olovke. Mia je uzela 19 olovaka. Koliko olovaka je sada u kutiji?","71","61","33","41","3","9","true","800","2025-05-28 20:48:33.980313"
"516","Petar ima 48 bonbonera, a Lena 26. Koliko bonbonera imaju ukupno?","74","64","22","84","1","9","true","800","2025-05-28 20:48:41.178237"
"517","Na stolu je bilo 17 kolačića. Ema je pojela 5, a Luka 4. Koliko kolačića je ostalo na stolu?","9","12","6","8","4","9","true","800","2025-05-28 20:49:04.205338"
"518","U razredu je bilo 18 učenika, nova učenica se upisala, a dva učenika su se ispisala. Koliko učenika ima sada u razredu?","18","19","20","17","4","9","true","800","2025-05-28 20:50:17.460026"
"519","Marko je imao 25 novčića, a dobio je još 25 od svog oca. Koliko novčića ima Marko sada?","45","48","50","52","3","9","true","800","2025-05-28 20:50:23.005721"
"520","Marko je sakupio 25 kamenčića, a izgubio je 7. Koliko kamenčića mu je ostalo?","15","18","20","22","2","9","true","800","2025-05-28 20:50:54.617529"
"521","Ana ima 25 jabuka, a Luka joj je dao još 18.  Zatim je Ana 12 jabuka podarila baki. Koliko jabuka joj je ostalo?","21","33","45","31","4","9","true","800","2025-05-28 20:52:11.050612"
"522","Marko je sakupio 37 kamenčića, a izgubio je 12.  Zatim je našao još 8 kamenčića. Koliko kamenčića mu je ostalo?","23","33","43","53","2","9","true","800","2025-05-28 20:52:21.216298"
"523","U kutiji je bilo 52 olovke. Mia je uzela 19 olovaka, a Luka je stavio 7 novih olovaka u kutiju. Koliko olovaka je sada u kutiji?","30","50","60","40","4","9","true","800","2025-05-28 20:52:39.017993"
"524","Petar ima 48 bombona, a Lena 26. Petar je pojeo 10 bombona. Koliko bombona imaju ukupno sada?","54","64","74","84","2","9","true","800","2025-05-28 20:53:10.309008"
"525","Na stolu je bilo 17 kolačića. Ema je pojela 5, a Luka 4. Njihova mama je dodala još 8 kolačića na stolu. Koliko kolačića je sada na stolu?","16","26","36","46","1","9","true","800","2025-05-28 20:53:27.948077"
"526","Marko je imao 25 novčića, a dobio je još 25 od svog oca. Zatim je kupio slatkiš za 18 novčića. Koliko novčića ima Marko sada?","22","32","42","52","2","9","true","800","2025-05-28 20:53:40.630841"
"527","Marko je imao 18 novčića, a dobio je još 22 od svog oca. Zatim je kupio slatkiš za 10 novčića. Koliko novčića ima Marko sada?","20","22","25","30","4","9","true","800","2025-05-28 20:54:23.478094"